{"26405488_left": {"pose": [0.1113325872574514, 0.8207481722451926, 0.04550905451430457, -1.64633974845365, -0.17857016318886476, -2.937663676632542], "timestamp": 1673597556.0704472}, "26405488_right": {"pose": [-0.009417838799177, 0.7972668750161092, 0.0693151223699266, -1.6473025257925253, -0.18917295438381165, -2.942218897492042], "timestamp": 1673597557.3687217}, "19824535_left": {"pose": [-0.07528310648512061, 0.02872136764193708, 0.023316565592628957, -0.3255773557130956, 0.006247432431090383, -1.562874530416053], "timestamp": 1680893804.7454631}, "19824535_right": {"pose": [-0.06961440752114842, -0.035396599227355253, 0.020410786906711484, -0.31886273624702377, 0.007822018427507738, -1.552143062181081], "timestamp": 1680893807.0068362}, "29838012_left": {"pose": [0.41548840480128696, 0.4775470950869088, 0.4114322255308952, -2.2160410202605263, -0.02257694787387754, -2.963723863071196], "timestamp": 1686263782.2506583}, "29838012_right": {"pose": [0.294022371612491, 0.45672117609819446, 0.4111009411005134, -2.2079948175639927, -0.01940119744356439, -2.959776211707233], "timestamp": 1686263784.2242827}, "23404442_left": {"pose": [0.25955495037528126, -0.5001018266363574, 0.436881899751338, -2.2773456296459424, 0.3361897716248827, -0.5369007045203406], "timestamp": 1686263149.2820735}, "23404442_right": {"pose": [0.3520388119867355, -0.5577297192334658, 0.4018245547798702, -2.279806362246719, 0.34639742666205775, -0.5475215836690435], "timestamp": 1686263151.7758524}}
